total_training_time,total_head_fit_time,train_head_support_acc,train_head_query_acc,avg_head_fit_time
546.0477337837219,474.4501779079437,0.9999866666666667,0.8787999999999999,15.81500593026479
