{"epoch": 0, "_timestamp": 1702069854.564095, "_runtime": 2.8682620525360107, "_step": 0, "_wandb": {"runtime": 26}}