total_training_time,total_head_fit_time,train_head_support_acc,train_head_query_acc,avg_head_fit_time
35.33043718338013,1.4185152053833008,0.5744266666666669,0.35604444444444444,0.04728384017944336
