epoch,train_loss,val_loss,val_acc,val_head_support_acc,val_head_query_acc
0,0.6075813965499401,0.5180714046210051,81.72000000000001,0.882,0.8172
1,0.37428220808506013,0.5098150005936622,80.19999999999999,0.8503999999999999,0.8020000000000002
2,0.33194118320941923,0.4871392801403999,81.58666666666667,0.8648,0.8158666666666666
3,0.3066333107277751,0.4534732338041067,82.44,0.8695999999999999,0.8244000000000001
4,0.28348592791706323,0.48223759219050405,82.0,0.8575999999999999,0.82
5,0.2940589875727892,0.46660419695079325,82.32,0.8783999999999998,0.8231999999999998
6,0.2601552104949951,0.48321551831439136,82.21333333333332,0.8736,0.8221333333333333
7,0.23553306121379136,0.49441664926707746,80.77333333333334,0.8564000000000002,0.8077333333333333
8,0.2551608154922724,0.43778939224779606,83.68,0.8792,0.8367999999999999
