total_training_time,total_head_fit_time,train_head_support_acc,train_head_query_acc,avg_head_fit_time
165.2687246799469,71.83479332923889,0.37954666666666653,0.32171111111111106,2.3944931109746297
