total_training_time,total_head_fit_time,train_head_support_acc,train_head_query_acc,avg_head_fit_time
397.79906821250916,296.32613492012024,0.44531999999999994,0.4052133333333332,9.877537830670674
