total_training_time,total_head_fit_time,train_head_support_acc,train_head_query_acc,avg_head_fit_time
1279.8797190189362,1136.9067618846893,0.17643999999999987,0.1922533333333333,37.89689206282298
