total_training_time,total_head_fit_time,train_head_support_acc,train_head_query_acc,avg_head_fit_time
1423.5715126991272,1270.320021390915,0.1781866666666665,0.19221333333333324,42.344000713030496
