total_training_time,total_head_fit_time,train_head_support_acc,train_head_query_acc,avg_head_fit_time
69.30680227279663,12.901447534561157,0.9819999999999997,0.9270666666666664,2.5802895069122314
