total_training_time,total_head_fit_time,train_head_support_acc,train_head_query_acc,avg_head_fit_time
39.42284536361694,1.4083330631256104,0.6636400000000003,0.47213777777777766,0.046944435437520346
