total_training_time,total_head_fit_time,train_head_support_acc,train_head_query_acc,avg_head_fit_time
310.32071924209595,244.2071590423584,0.6233066666666666,0.5759244444444444,8.14023863474528
