total_training_time,total_head_fit_time,train_head_support_acc,train_head_query_acc,avg_head_fit_time
131.08226108551025,3.3027515411376953,0.680426666666667,0.49595111111111106,0.11009171803792318
