total_training_time,total_head_fit_time,train_head_support_acc,train_head_query_acc,avg_head_fit_time
35.108116149902344,1.4295578002929688,0.6151733333333335,0.35768444444444447,0.04765192667643229
