total_training_time,total_head_fit_time,train_head_support_acc,train_head_query_acc,avg_head_fit_time
231.1740186214447,150.38565397262573,0.18402666666666656,0.197111111111111,5.0128551324208575
