total_training_time,total_head_fit_time,train_head_support_acc,train_head_query_acc,avg_head_fit_time
41.2695746421814,1.4827954769134521,0.5519599999999999,0.38364444444444445,0.049426515897115074
