total_training_time,total_head_fit_time,train_head_support_acc,train_head_query_acc,avg_head_fit_time
396.25158309936523,297.90774941444397,0.4620666666666666,0.44626666666666653,9.930258313814798
