total_training_time,total_head_fit_time,train_head_support_acc,train_head_query_acc,avg_head_fit_time
197.44079422950745,84.15066504478455,0.32963999999999977,0.2973333333333332,2.8050221681594847
