{"epoch": 0, "_timestamp": 1702066152.444725, "_runtime": 2.6486990451812744, "_step": 0, "_wandb": {"runtime": 14}}