total_training_time,total_head_fit_time,train_head_support_acc,train_head_query_acc,avg_head_fit_time
35.03816509246826,1.4043734073638916,0.5345866666666667,0.3508044444444444,0.04681244691212972
