total_training_time,total_head_fit_time,train_head_support_acc,train_head_query_acc,avg_head_fit_time
184.20609760284424,85.81571531295776,0.41414666666666655,0.3509377777777776,2.8605238437652587
