total_training_time,total_head_fit_time,train_head_support_acc,train_head_query_acc,avg_head_fit_time
126.35493779182434,60.82122850418091,0.5191066666666667,0.4287288888888889,2.027374283472697
