total_training_time,total_head_fit_time,train_head_support_acc,train_head_query_acc,avg_head_fit_time
142.67572283744812,70.5352668762207,0.7214933333333334,0.5603022222222223,2.35117556254069
