total_training_time,total_head_fit_time,train_head_support_acc,train_head_query_acc,avg_head_fit_time
38.86771607398987,1.4128735065460205,0.60544,0.44741777777777786,0.047095783551534015
