total_training_time,total_head_fit_time,train_head_support_acc,train_head_query_acc,avg_head_fit_time
39.80594277381897,1.4285855293273926,0.7534800000000003,0.49820444444444445,0.04761951764424642
