{"epoch": 0, "_timestamp": 1702060999.4069812, "_runtime": 2.676591157913208, "_step": 0, "_wandb": {"runtime": 8}}