{"epoch": 0, "_timestamp": 1702052567.737267, "_runtime": 3.012484073638916, "_step": 0, "_wandb": {"runtime": 17}}