total_training_time,total_head_fit_time,train_head_support_acc,train_head_query_acc,avg_head_fit_time
172.45556354522705,77.11469841003418,0.36497333333333315,0.3147333333333332,2.5704899470011395
