total_training_time,total_head_fit_time,train_head_support_acc,train_head_query_acc,avg_head_fit_time
4177.781576633453,3937.8152430057526,0.17702666666666653,0.18868888888888877,131.26050810019174
