{"epoch": 0, "_timestamp": 1702066470.964042, "_runtime": 132.3758249282837, "_step": 12, "loss": 1.5688421736870493, "acc/val": 84.90666666666668, "eval_results": {"_type": "table-file", "sha256": "4832cd42b4915dc2fa9982ff07121fe371feccc36ae8042680b2db509ea6f4dd", "size": 118, "artifact_path": "wandb-client-artifact://sqbin8wgd2pk2d3m4n023hepcyyexajys44gjece84hckhu0nu8f08q1x0ta4u7du0lmrcunvxtjax2aaur4v7h4mtu7p8copbl1pssgj9bwcw5lp7siyc6ux1zwflo2:latest/eval_results.table.json", "_latest_artifact_path": "wandb-client-artifact://sqbin8wgd2pk2d3m4n023hepcyyexajys44gjece84hckhu0nu8f08q1x0ta4u7du0lmrcunvxtjax2aaur4v7h4mtu7p8copbl1pssgj9bwcw5lp7siyc6ux1zwflo2:latest/eval_results.table.json", "path": "media/table/eval_results_12_4832cd42b4915dc2fa99.table.json", "ncols": 3, "nrows": 3}, "_wandb": {"runtime": 131}}