total_training_time,total_head_fit_time,train_head_support_acc,train_head_query_acc,avg_head_fit_time
156.07327556610107,76.47390007972717,0.5186933333333333,0.41949333333333333,2.5491300026575723
