total_training_time,total_head_fit_time,train_head_support_acc,train_head_query_acc,avg_head_fit_time
40.28923964500427,1.4295687675476074,0.6833733333333335,0.3823111111111111,0.04765229225158692
