{"epoch": 19, "_timestamp": 1702061760.6551418, "_runtime": 390.85649371147156, "_step": 239, "loss/train": 1.3342666599776718, "acc/val": 60.74666666666667, "_wandb": {"runtime": 462}}