total_training_time,total_head_fit_time,train_head_support_acc,train_head_query_acc,avg_head_fit_time
832.7486851215363,745.6130087375641,0.9812133333333333,0.9184755555555554,24.853766957918804
