total_training_time,total_head_fit_time,train_head_support_acc,train_head_query_acc,avg_head_fit_time
386.5447690486908,302.99563097953796,0.6546133333333335,0.6107600000000002,10.0998543659846
