{"epoch": 21, "_timestamp": 1702060287.723697, "_runtime": 428.3873510360718, "_step": 262, "loss/train": 1.2587467340322642, "acc/val": 57.85333333333334, "_wandb": {"runtime": 427}}