{"epoch": 0, "_timestamp": 1702070369.822699, "_runtime": 177.14081597328186, "_step": 414, "loss/train": 0.5590442882080969, "acc/val": 89.74666666666666, "eval_results": {"_type": "table-file", "sha256": "a4f0a86deb07929432b93a622429633c71965141d0f7da62d737bc174527b007", "size": 119, "artifact_path": "wandb-client-artifact://g6ov7v8acecn9o2vc5ex9jhcgrtqujugo23iuq3kc0syn4y29ljzgu3084vyo7esdexb8aw2bngizqkg9rchyf7wwr0ak7ptbt478yd0r4xrf0ejti87yy53ikij3g9l:latest/eval_results.table.json", "_latest_artifact_path": "wandb-client-artifact://g6ov7v8acecn9o2vc5ex9jhcgrtqujugo23iuq3kc0syn4y29ljzgu3084vyo7esdexb8aw2bngizqkg9rchyf7wwr0ak7ptbt478yd0r4xrf0ejti87yy53ikij3g9l:latest/eval_results.table.json", "path": "media/table/eval_results_414_a4f0a86deb07929432b9.table.json", "ncols": 3, "nrows": 3}, "_wandb": {"runtime": 176}}