total_training_time,total_head_fit_time,train_head_support_acc,train_head_query_acc,avg_head_fit_time
184.3754539489746,78.42313146591187,0.2813999999999997,0.263542222222222,2.614104382197062
