{"epoch": 0, "_timestamp": 1702065251.9790232, "_runtime": 3.0206823348999023, "_step": 0, "_wandb": {"runtime": 17}}