total_training_time,total_head_fit_time,train_head_support_acc,train_head_query_acc,avg_head_fit_time
975.4638419151306,902.9634485244751,0.17647999999999983,0.2005866666666664,180.592689704895
