total_training_time,total_head_fit_time,train_head_support_acc,train_head_query_acc,avg_head_fit_time
115.30660676956177,56.77194595336914,0.18598666666666655,0.19822222222222216,1.892398198445638
