total_training_time,total_head_fit_time,train_head_support_acc,train_head_query_acc,avg_head_fit_time
180.78498029708862,77.5097427368164,0.30775999999999976,0.27667555555555534,2.5836580912272136
