total_training_time,total_head_fit_time,train_head_support_acc,train_head_query_acc,avg_head_fit_time
923.7040019035339,827.7550251483917,0.9906933333333332,0.931182222222222,27.59183417161306
