total_training_time,total_head_fit_time,train_head_support_acc,train_head_query_acc,avg_head_fit_time
163.59530520439148,73.00537204742432,0.2831066666666665,0.2576444444444443,2.4335124015808107
