total_training_time,total_head_fit_time,train_head_support_acc,train_head_query_acc,avg_head_fit_time
150.64971327781677,65.68351626396179,0.3659599999999999,0.3167022222222223,2.1894505421320596
